<?xml version="1.0" encoding="UTF-8"?>

<beans xmlns="http://www.springframework.org/schema/beans"
	xmlns:xsi="http://www.w3.org/2001/XMLSchema-instance"
	xmlns:aop="http://www.springframework.org/schema/aop"
	xmlns:tx="http://www.springframework.org/schema/tx"
	xsi:schemaLocation="http://www.springframework.org/schema/beans http://www.springframework.org/schema/beans/spring-beans-2.0.xsd
           http://www.springframework.org/schema/aop http://www.springframework.org/schema/aop/spring-aop-2.0.xsd
           http://www.springframework.org/schema/tx http://www.springframework.org/schema/tx/spring-tx-2.0.xsd">
	
	
	
	<bean id="manageAction"  class="cn.itbaizhan.action.ManageAction">
	
	<property name="manageDao"><ref bean="manageDao"/> </property>
	<property name="fenleiDao"><ref bean="fenleiDao"/> </property>
	<property name="productDao"><ref bean="productDao"/> </property>
	<property name="zixunDao"><ref bean="zixunDao"/> </property>
	<property name="orderDao"><ref bean="orderDao"/> </property>
	<property name="orderItemDao"><ref bean="orderItemDao"/> </property>
	<property name="userDao"><ref bean="userDao"/> </property>
	<property name="pingjiaDao"><ref bean="pingjiaDao"/> </property>
	<property name="tongjiDao"><ref bean="tongjiDao"/> </property>
	<property name="tongji2Dao"><ref bean="tongji2Dao"/> </property>
	
	</bean>
	
	
	<bean id="indexAction"  class="cn.itbaizhan.action.IndexAction">
	
	<property name="productDao"><ref bean="productDao"/> </property>
	<property name="userDao"><ref bean="userDao"/> </property>
	<property name="zixunDao"><ref bean="zixunDao"/> </property>
	<property name="addressDao"><ref bean="addressDao"/> </property>
	<property name="orderDao"><ref bean="orderDao"/> </property>
	<property name="orderItemDao"><ref bean="orderItemDao"/> </property>
	<property name="pingjiaDao"><ref bean="pingjiaDao"/> </property>
	<property name="jiluDao"><ref bean="jiluDao"/> </property>
	
	</bean>
	
	
	
	
</beans>
