<?xml version="1.0" encoding="UTF-8"?>

<beans xmlns="http://www.springframework.org/schema/beans"
	xmlns:xsi="http://www.w3.org/2001/XMLSchema-instance"
	xmlns:aop="http://www.springframework.org/schema/aop"
	xmlns:tx="http://www.springframework.org/schema/tx"
	xsi:schemaLocation="http://www.springframework.org/schema/beans http://www.springframework.org/schema/beans/spring-beans-2.0.xsd
           http://www.springframework.org/schema/aop http://www.springframework.org/schema/aop/spring-aop-2.0.xsd
           http://www.springframework.org/schema/tx http://www.springframework.org/schema/tx/spring-tx-2.0.xsd">
	
	
	<bean id="manageDao"  class="cn.itbaizhan.dao.impl.ManageDaoImpl">
	<property name="sessionFactory"><ref bean="sessionFactory"/> </property>
	</bean>
	
	<bean id="fenleiDao"  class="cn.itbaizhan.dao.impl.FenleiDaoImpl">
		<property name="sessionFactory"><ref bean="sessionFactory"/> </property>
	</bean>
	
	<bean id="productDao"  class="cn.itbaizhan.dao.impl.ProductDaoImpl">
		<property name="sessionFactory"><ref bean="sessionFactory"/> </property>
	</bean>
	
	<bean id="zixunDao"  class="cn.itbaizhan.dao.impl.ZixunDaoImpl">
		<property name="sessionFactory"><ref bean="sessionFactory"/> </property>
	</bean>
	
	<bean id="userDao"  class="cn.itbaizhan.dao.impl.UserDaoImpl">
		<property name="sessionFactory"><ref bean="sessionFactory"/> </property>
	</bean>
	
	<bean id="addressDao"  class="cn.itbaizhan.dao.impl.AddressDaoImpl">
		<property name="sessionFactory"><ref bean="sessionFactory"/> </property>
	</bean>
	
	<bean id="orderDao"  class="cn.itbaizhan.dao.impl.OrderDaoImpl">
		<property name="sessionFactory"><ref bean="sessionFactory"/> </property>
	</bean>
	
	<bean id="orderItemDao"  class="cn.itbaizhan.dao.impl.OrderItemDaoImpl">
		<property name="sessionFactory"><ref bean="sessionFactory"/> </property>
	</bean>
	
	<bean id="pingjiaDao"  class="cn.itbaizhan.dao.impl.PingjiaDaoImpl">
		<property name="sessionFactory"><ref bean="sessionFactory"/> </property>
	</bean>
	
	<bean id="jiluDao"  class="cn.itbaizhan.dao.impl.JiluDaoImpl">
		<property name="sessionFactory"><ref bean="sessionFactory"/> </property>
	</bean>
	
	<bean id="tongjiDao"  class="cn.itbaizhan.dao.impl.TongjiDaoImpl">
		<property name="sessionFactory"><ref bean="sessionFactory"/> </property>
	</bean>
	
	<bean id="tongji2Dao"  class="cn.itbaizhan.dao.impl.Tongji2DaoImpl">
		<property name="sessionFactory"><ref bean="sessionFactory"/> </property>
	</bean>
	
	

	
	
</beans>
